latitude,longitude
49.3080426,12.8425636
49.2925681,12.7913414
49.2012994,12.9402774
49.247082,12.9708104
49.247082,12.9708104
49.3041612,12.9048317
49.2327184,12.8754546
49.2077109,12.9924687
49.2619155,12.7654638
49.3375713,12.5252295
49.3813536,12.7046141
49.3374497,12.5251722
49.1898177,13.0438247
49.2239383,12.8878446
49.22752206,12.91127911
49.29373253,12.81838916
49.3136529,12.7384687
49.2413622,12.7840461
49.2413622,12.7840461
49.27232938,12.92636151
49.3446807,12.5201747
49.43113734,12.84624703
49.3751488,12.7172854
49.3100211,12.7629663
49.224041,12.6862194
49.3281032,12.6862538
49.350888,12.6059245
49.339771,12.6353602
49.237954,12.6130424
49.2640909,12.7591887
49.4124803,12.77281596
49.37622766,12.92323357
49.2243467,12.6587737
49.33076066,12.81122868
49.4232232,12.5347802
49.2018038,12.6621357
49.3332329,12.6889427
49.32906116,12.83080655
49.3358547,12.6192001
49.317625,12.8263527
49.37447844,12.51487825
49.32119789,12.84389422
49.3377556,12.6309149
49.2711883,12.901654
49.33821102,12.81300702
49.2654418,12.6120329
49.27623233,12.61313693
49.1205333,12.8106997
49.3067448,12.9861253
49.2315636,12.8839237
49.32210168,12.93611058
49.2963112,12.9435719
49.2891081,12.8689419
49.3510364,12.6692272
49.3053297,12.78790011
49.40603054,12.96402033
49.21542931,13.05829241
49.20761309,13.09694051
49.39715973,12.51190879
49.34330504,12.66103419
49.3283082,12.6794753
49.1874136,12.8684145
49.10477712,12.74689282
49.38340225,12.92581543
49.1983714,13.0049076
49.1853959,12.8407107
49.3882837,12.5202008
49.38187879,12.60583303
49.11256565,12.90586687
49.29510615,12.87318061
49.27954073,12.86370704
49.34806081,12.82500904
49.31900212,12.91125215
49.3021798,12.9796431
49.17263776,12.94332206
49.2315636,12.8839237
49.382225,12.5478785
49.2282062,12.6738703
49.36192258,12.96996572
49.3770232,12.7286212
49.11071692,12.87566013
49.375299,12.590263
49.3336087,12.6772606
49.22689946,12.86372273
49.3133122,12.5289026
49.38760479,12.53090708
49.4219166,12.712957
49.1726568,12.845867
49.2239383,12.8878446
49.2765702,12.9531972
49.44959088,12.9784459
49.1107221,12.6163561
49.3286596,12.6789165
49.22221813,12.86706126
49.31876027,12.78647575
49.2179794,13.0041908
49.2163961,12.7453048
49.35382126,12.5359706
49.2181383,13.0302564
49.3667221,12.633183
49.2225993,12.6703202
49.35526007,12.67327237
49.32710608,12.76828986
49.43785251,12.77997668
49.39055883,12.78446586
49.2753298,12.5319396
49.34459349,12.85348423
49.3903066,12.98277748
49.2234387,12.7638896
49.3465418,12.6253569
49.3365543,12.6450634
49.373717,12.99623083
49.3509804,12.5979166
49.3190508,12.6835623
49.30974938,12.69060005
49.3772726,12.6967006
49.3633201,12.6996737
49.3678691,12.703335
49.36036212,12.7442256
49.1524664,12.7633152
49.2383769,12.7467542
49.28796233,12.80526962
49.2990686,12.804135
49.31060072,12.80896181
49.44638774,12.86054479
49.3299952,12.8931591
49.45237037,12.91112299
49.3262646,12.99679344
49.39055883,12.78446586
49.2753298,12.5319396
49.34459349,12.85348423
49.3903066,12.98277748
49.2234387,12.7638896
49.3465418,12.6253569
49.3365543,12.6450634
49.373717,12.99623083
49.3509804,12.5979166
49.3190508,12.6835623
49.30974938,12.69060005
49.3772726,12.6967006
49.3633201,12.6996737
49.3678691,12.703335
49.36036212,12.7442256
49.1524664,12.7633152
49.2383769,12.7467542
49.28796233,12.80526962
49.2990686,12.804135
49.31060072,12.80896181
49.44638774,12.86054479
49.3299952,12.8931591
49.45237037,12.91112299
49.3262646,12.99679344
49.2413622,12.7840461
49.2413622,12.7840461
49.27232938,12.92636151
49.3446807,12.5201747
49.43113734,12.84624703
49.3751488,12.7172854
49.3100211,12.7629663
49.224041,12.6862194
49.3281032,12.6862538
49.350888,12.6059245
49.339771,12.6353602
49.237954,12.6130424
49.2640909,12.7591887
49.4124803,12.77281596
49.37622766,12.92323357
49.2243467,12.6587737
49.33076066,12.81122868
49.4232232,12.5347802
49.2018038,12.6621357
49.3332329,12.6889427
49.32906116,12.83080655
49.3358547,12.6192001
49.317625,12.8263527
49.37447844,12.51487825
49.32119789,12.84389422
49.3377556,12.6309149
49.2711883,12.901654
49.33821102,12.81300702
49.2654418,12.6120329
49.27623233,12.61313693
49.1205333,12.8106997
49.3067448,12.9861253
49.2315636,12.8839237
49.32210168,12.93611058
49.2963112,12.9435719
49.2891081,12.8689419
49.3510364,12.6692272
49.3053297,12.78790011
49.40603054,12.96402033
49.21542931,13.05829241
49.20761309,13.09694051
49.39715973,12.51190879
49.34330504,12.66103419
49.3283082,12.6794753
49.1874136,12.8684145
49.10477712,12.74689282
49.38340225,12.92581543
49.1983714,13.0049076
49.1853959,12.8407107
49.3882837,12.5202008
49.38187879,12.60583303
49.11256565,12.90586687
49.29510615,12.87318061
49.27954073,12.86370704
49.34806081,12.82500904
49.31900212,12.91125215
49.3021798,12.9796431
49.17263776,12.94332206
49.2315636,12.8839237
49.382225,12.5478785
49.2282062,12.6738703
49.36192258,12.96996572
49.3770232,12.7286212
49.11071692,12.87566013
49.375299,12.590263
49.3336087,12.6772606
49.22689946,12.86372273
49.3133122,12.5289026
49.38760479,12.53090708
49.4219166,12.712957
49.1726568,12.845867
49.2239383,12.8878446
49.2765702,12.9531972
49.44959088,12.9784459
49.1107221,12.6163561
49.3286596,12.6789165
49.22221813,12.86706126
49.31876027,12.78647575
49.2179794,13.0041908
49.2163961,12.7453048
49.35382126,12.5359706
49.2181383,13.0302564
49.3667221,12.633183
49.2225993,12.6703202
49.35526007,12.67327237
49.32710608,12.76828986
49.43785251,12.77997668
49.2413622,12.7840461
49.2413622,12.7840461
49.27232938,12.92636151
49.3446807,12.5201747
49.43113734,12.84624703
49.3751488,12.7172854
49.3100211,12.7629663
49.224041,12.6862194
49.3281032,12.6862538
49.350888,12.6059245
49.339771,12.6353602
49.237954,12.6130424
49.2640909,12.7591887
49.4124803,12.77281596
49.37622766,12.92323357
49.2243467,12.6587737
49.33076066,12.81122868
49.4232232,12.5347802
49.2018038,12.6621357
49.3332329,12.6889427
49.32906116,12.83080655
49.3358547,12.6192001
49.317625,12.8263527
49.37447844,12.51487825
49.32119789,12.84389422
49.3377556,12.6309149
49.2711883,12.901654
49.33821102,12.81300702
49.2654418,12.6120329
49.27623233,12.61313693
49.1205333,12.8106997
49.3067448,12.9861253
49.2315636,12.8839237
49.32210168,12.93611058
49.2963112,12.9435719
49.2891081,12.8689419
49.3510364,12.6692272
49.3053297,12.78790011
49.40603054,12.96402033
49.21542931,13.05829241
49.20761309,13.09694051
49.39715973,12.51190879
49.34330504,12.66103419
49.3283082,12.6794753
49.1874136,12.8684145
49.10477712,12.74689282
49.38340225,12.92581543
49.1983714,13.0049076
49.1853959,12.8407107
49.3882837,12.5202008
49.38187879,12.60583303
49.11256565,12.90586687
49.29510615,12.87318061
49.27954073,12.86370704
49.34806081,12.82500904
49.31900212,12.91125215
49.3021798,12.9796431
49.17263776,12.94332206
49.2315636,12.8839237
49.382225,12.5478785
49.2282062,12.6738703
49.36192258,12.96996572
49.3770232,12.7286212
49.11071692,12.87566013
49.375299,12.590263
49.3336087,12.6772606
49.22689946,12.86372273
49.3133122,12.5289026
49.38760479,12.53090708
49.4219166,12.712957
49.1726568,12.845867
49.2239383,12.8878446
49.2765702,12.9531972
49.44959088,12.9784459
49.1107221,12.6163561
49.3286596,12.6789165
49.22221813,12.86706126
49.31876027,12.78647575
49.2179794,13.0041908
49.2163961,12.7453048
49.35382126,12.5359706
49.2181383,13.0302564
49.3667221,12.633183
49.2225993,12.6703202
49.35526007,12.67327237
49.32710608,12.76828986
49.43785251,12.77997668
49.2413622,12.7840461
49.2413622,12.7840461
49.27232938,12.92636151
49.3446807,12.5201747
49.43113734,12.84624703
49.3751488,12.7172854
49.3100211,12.7629663
49.224041,12.6862194
49.3281032,12.6862538
49.350888,12.6059245
49.339771,12.6353602
49.237954,12.6130424
49.2640909,12.7591887
49.4124803,12.77281596
49.37622766,12.92323357
49.2243467,12.6587737
49.33076066,12.81122868
49.4232232,12.5347802
49.2018038,12.6621357
49.3332329,12.6889427
49.32906116,12.83080655
49.3358547,12.6192001
49.317625,12.8263527
49.37447844,12.51487825
49.32119789,12.84389422
49.3377556,12.6309149
49.2711883,12.901654
49.33821102,12.81300702
49.2654418,12.6120329
49.27623233,12.61313693
49.1205333,12.8106997
49.3067448,12.9861253
49.2315636,12.8839237
49.32210168,12.93611058
49.2963112,12.9435719
49.2891081,12.8689419
49.3510364,12.6692272
49.3053297,12.78790011
49.40603054,12.96402033
49.21542931,13.05829241
49.20761309,13.09694051
49.39715973,12.51190879
49.34330504,12.66103419
49.3283082,12.6794753
49.1874136,12.8684145
49.10477712,12.74689282
49.38340225,12.92581543
49.1983714,13.0049076
49.1853959,12.8407107
49.3882837,12.5202008
49.38187879,12.60583303
49.11256565,12.90586687
49.29510615,12.87318061
49.27954073,12.86370704
49.34806081,12.82500904
49.31900212,12.91125215
49.3021798,12.9796431
49.17263776,12.94332206
49.2315636,12.8839237
49.382225,12.5478785
49.2282062,12.6738703
49.36192258,12.96996572
49.3770232,12.7286212
49.11071692,12.87566013
49.375299,12.590263
49.3336087,12.6772606
49.22689946,12.86372273
49.2413622,12.7840461
49.2413622,12.7840461
49.27232938,12.92636151
49.3446807,12.5201747
49.43113734,12.84624703
49.3751488,12.7172854
49.3100211,12.7629663
49.224041,12.6862194
49.3281032,12.6862538
49.350888,12.6059245
49.339771,12.6353602
49.237954,12.6130424
49.2640909,12.7591887
49.4124803,12.77281596
49.37622766,12.92323357
49.2243467,12.6587737
49.33076066,12.81122868
49.4232232,12.5347802
49.2018038,12.6621357
49.3332329,12.6889427
49.32906116,12.83080655
49.3358547,12.6192001
49.317625,12.8263527
49.37447844,12.51487825
49.32119789,12.84389422
49.3377556,12.6309149
49.2711883,12.901654
49.33821102,12.81300702
49.2654418,12.6120329
49.27623233,12.61313693
49.1205333,12.8106997
49.3067448,12.9861253
49.2315636,12.8839237
49.32210168,12.93611058
49.2963112,12.9435719
49.2891081,12.8689419
49.3510364,12.6692272
49.3053297,12.78790011
49.40603054,12.96402033
49.21542931,13.05829241
49.20761309,13.09694051
49.39715973,12.51190879
49.34330504,12.66103419
49.3283082,12.6794753
49.1874136,12.8684145
49.10477712,12.74689282
49.38340225,12.92581543
49.1983714,13.0049076
49.1853959,12.8407107
49.2413622,12.7840461
49.2413622,12.7840461
49.27232938,12.92636151
49.3446807,12.5201747
49.43113734,12.84624703
49.3751488,12.7172854
49.3100211,12.7629663
49.224041,12.6862194
49.3281032,12.6862538
49.350888,12.6059245
49.339771,12.6353602
49.237954,12.6130424
49.2640909,12.7591887
49.4124803,12.77281596
49.37622766,12.92323357
49.2243467,12.6587737
49.33076066,12.81122868
49.4232232,12.5347802
49.2018038,12.6621357
49.3332329,12.6889427
49.32906116,12.83080655
49.3358547,12.6192001
49.317625,12.8263527
49.37447844,12.51487825
49.32119789,12.84389422
49.3377556,12.6309149
49.2711883,12.901654
49.33821102,12.81300702
49.2654418,12.6120329
49.27623233,12.61313693
49.1205333,12.8106997
49.3067448,12.9861253
49.2315636,12.8839237
49.2413622,12.7840461
49.2413622,12.7840461
49.27232938,12.92636151
49.3446807,12.5201747
49.43113734,12.84624703
49.3751488,12.7172854
49.3100211,12.7629663
49.224041,12.6862194
49.3281032,12.6862538
49.350888,12.6059245
49.339771,12.6353602
49.237954,12.6130424
49.2640909,12.7591887
49.4124803,12.77281596
49.37622766,12.92323357
49.2243467,12.6587737
49.33076066,12.81122868
49.4232232,12.5347802
49.2018038,12.6621357
49.3332329,12.6889427
49.32906116,12.83080655
49.3358547,12.6192001
49.317625,12.8263527
49.2413622,12.7840461
49.2413622,12.7840461
49.27232938,12.92636151
49.3446807,12.5201747
49.43113734,12.84624703
49.3751488,12.7172854
49.3100211,12.7629663
49.224041,12.6862194
49.3281032,12.6862538
49.350888,12.6059245
49.339771,12.6353602
49.237954,12.6130424
49.2640909,12.7591887
49.4124803,12.77281596
49.37622766,12.92323357
49.2243467,12.6587737
49.33076066,12.81122868
49.4232232,12.5347802
49.2018038,12.6621357
49.3332329,12.6889427
49.32906116,12.83080655
49.3358547,12.6192001
49.317625,12.8263527
49.2413622,12.7840461
49.2413622,12.7840461
49.27232938,12.92636151
49.3446807,12.5201747
49.43113734,12.84624703
49.3751488,12.7172854
49.3100211,12.7629663
49.224041,12.6862194
49.3281032,12.6862538
49.350888,12.6059245
49.339771,12.6353602
49.237954,12.6130424
49.2640909,12.7591887
49.4124803,12.77281596
49.37622766,12.92323357
49.2413622,12.7840461
49.2413622,12.7840461
49.27232938,12.92636151
49.3446807,12.5201747
49.43113734,12.84624703
49.3751488,12.7172854
49.3100211,12.7629663
49.224041,12.6862194
49.3281032,12.6862538
49.350888,12.6059245
49.339771,12.6353602
49.237954,12.6130424
49.2640909,12.7591887
49.4124803,12.77281596
49.37622766,12.92323357
49.2413622,12.7840461
49.2413622,12.7840461
49.27232938,12.92636151
49.3446807,12.5201747
49.43113734,12.84624703
49.3751488,12.7172854
49.3100211,12.7629663
49.3375713,12.5252295
49.3813536,12.7046141
49.3374497,12.5251722
49.3375713,12.5252295
49.3813536,12.7046141
49.3374497,12.5251722
49.3375713,12.5252295
49.3813536,12.7046141
49.3374497,12.5251722
49.3375713,12.5252295
49.3813536,12.7046141
49.3374497,12.5251722
49.3375713,12.5252295
49.3813536,12.7046141
49.3374497,12.5251722
49.3375713,12.5252295
49.3813536,12.7046141
49.3374497,12.5251722
49.3375713,12.5252295
49.3813536,12.7046141
49.3374497,12.5251722
49.3375713,12.5252295
49.3813536,12.7046141
49.3374497,12.5251722
49.3375713,12.5252295
49.3813536,12.7046141
49.3374497,12.5251722
49.3375713,12.5252295
49.3813536,12.7046141
49.3374497,12.5251722
49.3375713,12.5252295
49.3813536,12.7046141
49.3374497,12.5251722
49.3375713,12.5252295
49.3813536,12.7046141
49.3374497,12.5251722
49.2077109,12.9924687
49.2619155,12.7654638
49.2077109,12.9924687
49.2619155,12.7654638
49.2077109,12.9924687
49.2619155,12.7654638
49.2077109,12.9924687
49.2619155,12.7654638
49.2077109,12.9924687
49.2619155,12.7654638
49.2077109,12.9924687
49.2619155,12.7654638
49.2077109,12.9924687
49.2619155,12.7654638
49.2077109,12.9924687
49.2619155,12.7654638
49.2077109,12.9924687
49.2619155,12.7654638
49.2077109,12.9924687
49.2619155,12.7654638
49.2077109,12.9924687
49.2619155,12.7654638
49.2077109,12.9924687
49.2619155,12.7654638
49.2077109,12.9924687
49.2619155,12.7654638
49.2077109,12.9924687
49.2619155,12.7654638
49.2077109,12.9924687
49.2619155,12.7654638
49.2077109,12.9924687
49.2619155,12.7654638
49.247082,12.9708104
49.247082,12.9708104
49.3041612,12.9048317
49.2327184,12.8754546
49.247082,12.9708104
49.247082,12.9708104
49.3041612,12.9048317
49.2327184,12.8754546
49.247082,12.9708104
49.247082,12.9708104
49.3041612,12.9048317
49.2327184,12.8754546
49.247082,12.9708104
49.247082,12.9708104
49.3041612,12.9048317
49.2327184,12.8754546
49.247082,12.9708104
49.247082,12.9708104
49.3041612,12.9048317
49.2327184,12.8754546
49.247082,12.9708104
49.247082,12.9708104
49.3041612,12.9048317
49.2327184,12.8754546
49.247082,12.9708104
49.247082,12.9708104
49.3041612,12.9048317
49.2327184,12.8754546
49.247082,12.9708104
49.247082,12.9708104
49.3041612,12.9048317
49.2327184,12.8754546
49.247082,12.9708104
49.247082,12.9708104
49.3041612,12.9048317
49.2327184,12.8754546
49.247082,12.9708104
49.247082,12.9708104
49.3041612,12.9048317
49.2327184,12.8754546
49.247082,12.9708104
49.247082,12.9708104
49.3041612,12.9048317
49.2327184,12.8754546
49.247082,12.9708104
49.247082,12.9708104
49.3041612,12.9048317
49.2327184,12.8754546
49.247082,12.9708104
49.247082,12.9708104
49.3041612,12.9048317
49.2327184,12.8754546
49.247082,12.9708104
49.247082,12.9708104
49.3041612,12.9048317
49.2327184,12.8754546
49.247082,12.9708104
49.247082,12.9708104
49.3041612,12.9048317
49.2327184,12.8754546
49.247082,12.9708104
49.247082,12.9708104
49.3041612,12.9048317
49.2327184,12.8754546
49.247082,12.9708104
49.247082,12.9708104
49.3041612,12.9048317
49.2327184,12.8754546
49.2925681,12.7913414
49.2012994,12.9402774
49.2925681,12.7913414
49.2012994,12.9402774
49.2925681,12.7913414
49.2012994,12.9402774
49.2925681,12.7913414
49.2012994,12.9402774
49.2925681,12.7913414
49.2012994,12.9402774
49.2925681,12.7913414
49.2012994,12.9402774
49.2925681,12.7913414
49.2012994,12.9402774
49.2925681,12.7913414
49.2012994,12.9402774
49.2925681,12.7913414
49.2012994,12.9402774
49.2925681,12.7913414
49.2012994,12.9402774
49.2925681,12.7913414
49.2012994,12.9402774
49.2925681,12.7913414
49.2012994,12.9402774
49.2925681,12.7913414
49.2012994,12.9402774
49.2925681,12.7913414
49.2012994,12.9402774
49.2925681,12.7913414
49.2012994,12.9402774
49.2925681,12.7913414
49.2012994,12.9402774
49.2925681,12.7913414
49.2012994,12.9402774
49.2925681,12.7913414
49.2012994,12.9402774
49.2925681,12.7913414
49.2012994,12.9402774
49.2925681,12.7913414
49.2012994,12.9402774
49.2925681,12.7913414
49.2012994,12.9402774
49.2925681,12.7913414
49.2012994,12.9402774
49.3080426,12.8425636
49.3080426,12.8425636
49.3080426,12.8425636
49.3080426,12.8425636
49.3080426,12.8425636
49.3080426,12.8425636
49.3080426,12.8425636
49.3080426,12.8425636
49.3080426,12.8425636
49.3080426,12.8425636
49.3080426,12.8425636
49.3080426,12.8425636
49.3080426,12.8425636
49.3080426,12.8425636
49.3080426,12.8425636
49.3080426,12.8425636
49.3080426,12.8425636
49.3080426,12.8425636
49.3080426,12.8425636
49.3080426,12.8425636
49.3080426,12.8425636
49.3080426,12.8425636
49.3080426,12.8425636
49.3080426,12.8425636
49.3080426,12.8425636
49.3080426,12.8425636
49.3080426,12.8425636
49.3080426,12.8425636
49.3080426,12.8425636
49.3080426,12.8425636
49.3080426,12.8425636
49.3080426,12.8425636
49.3080426,12.8425636
49.3080426,12.8425636
49.3080426,12.8425636
49.3080426,12.8425636
49.3080426,12.8425636
49.1898177,13.0438247
49.2239383,12.8878446
49.22752206,12.91127911
49.29373253,12.81838916
49.3136529,12.7384687
49.1898177,13.0438247
49.2239383,12.8878446
49.22752206,12.91127911
49.29373253,12.81838916
49.3136529,12.7384687
49.1898177,13.0438247
49.2239383,12.8878446
49.22752206,12.91127911
49.29373253,12.81838916
49.3136529,12.7384687
49.1898177,13.0438247
49.2239383,12.8878446
49.22752206,12.91127911
49.29373253,12.81838916
49.3136529,12.7384687
49.1898177,13.0438247
49.2239383,12.8878446
49.22752206,12.91127911
49.29373253,12.81838916
49.3136529,12.7384687
49.1898177,13.0438247
49.2239383,12.8878446
49.22752206,12.91127911
49.29373253,12.81838916
49.3136529,12.7384687
49.1898177,13.0438247
49.2239383,12.8878446
49.22752206,12.91127911
49.29373253,12.81838916
49.3136529,12.7384687
49.1898177,13.0438247
49.2239383,12.8878446
49.22752206,12.91127911
49.29373253,12.81838916
49.3136529,12.7384687
49.1898177,13.0438247
49.2239383,12.8878446
49.22752206,12.91127911
49.29373253,12.81838916
49.3136529,12.7384687
49.1898177,13.0438247
49.2239383,12.8878446
49.22752206,12.91127911
49.29373253,12.81838916
49.3136529,12.7384687
49.1898177,13.0438247
49.2239383,12.8878446
49.22752206,12.91127911
49.29373253,12.81838916
49.3136529,12.7384687
49.1898177,13.0438247
49.2239383,12.8878446
49.22752206,12.91127911
49.29373253,12.81838916
49.3136529,12.7384687
49.0930058,12.3433227
49.11467654,12.3369601
49.1809827,12.3344482
49.15841233,12.33509253
49.20548269,12.33598856
49.0930058,12.3433227
49.10476794,12.35097352
49.123599,12.3530446
49.135296,12.3475828
49.1491497,12.354429
49.17069638,12.34671644
49.1884176,12.346128
49.21006757,12.35410079
49.2541755,12.3368067
49.22929947,12.34955832
49.23089568,12.33821986
49.2541755,12.3368067
49.25528604,12.34748439
49.22929947,12.34955832
49.27657236,12.34343917
49.2792994,12.3198192
49.2995225,12.3409771
49.30955615,12.32005835
49.29799592,12.34860468
49.31598524,12.35434755
49.31783077,12.3416524
49.3312467,12.3387386
49.3351552,12.3317194
49.3351552,12.3317194
49.3351552,12.3317194
49.35558867,12.3333966
49.35020358,12.35540576
49.35029975,12.34340059
49.3671425,12.3459724
49.3671425,12.3459724
49.3671425,12.3459724
49.3671425,12.3459724
49.3671425,12.3459724
49.3671425,12.3459724
49.3671425,12.3459724
49.3671425,12.3459724
49.3671425,12.3459724
49.3671425,12.3459724
49.3695519,12.3508874
49.3730905,12.3315137
49.3862394,12.34021999
49.38755791,12.34664511
49.3972032,12.3504141
49.42517619,12.33746979
49.42517619,12.33746979
49.42517619,12.33746979
49.42517619,12.33746979
49.42517619,12.33746979
49.42517619,12.33746979
49.42517619,12.33746979
49.40570001,12.34097559
49.41370984,12.347923
49.4298306,12.3490642
49.44226247,12.35248691
49.4457317,12.34679788
49.1415251,12.3585957
49.2641042,12.35728502
49.33399482,12.35814756
49.08609534,12.35836452
49.1708218,12.36289027
49.188969,12.3645575
49.1708218,12.36289027
49.188969,12.3645575
49.1075735,12.3675795
49.12120247,12.37014036
49.15827045,12.37090909
49.17694358,12.37169966
49.19642154,12.37215476
49.2171423,12.3588773
49.28781364,12.36800037
49.26516304,12.36856509
49.28781364,12.36800037
49.28811352,12.3617357
49.24040649,12.36996865
49.24049943,12.37679354
49.30888502,12.36244721
49.32764023,12.36828341
49.30807862,12.37355682
49.3259408,12.3773729
49.38088435,12.3614777
49.38088435,12.3614777
49.3628927,12.3619947
49.3460881,12.3660896
49.3460881,12.3660896
49.3460881,12.3660896
49.3460881,12.3660896
49.3460881,12.3660896
49.3460881,12.3660896
49.3460881,12.3660896
49.3460881,12.3660896
49.3460881,12.3660896
49.3460881,12.3660896
49.3460881,12.3660896
49.3460881,12.3660896
49.3460881,12.3660896
49.3460881,12.3660896
49.3460881,12.3660896
49.36371962,12.37465641
49.38162996,12.37078559
49.39347369,12.37901277
49.41567145,12.36782628
49.39931221,12.369953
49.41045915,12.37609287
49.41567145,12.36782628
49.42520876,12.37008007
49.443179,12.3716646
49.09122284,12.37994247
49.28099628,12.38056621
49.3477874,12.3800047
49.3477874,12.3800047
49.3477874,12.3800047
49.3477874,12.3800047
49.3477874,12.3800047
49.3477874,12.3800047
49.3477874,12.3800047
49.3477874,12.3800047
49.3477874,12.3800047
49.3477874,12.3800047
49.3477874,12.3800047
49.3477874,12.3800047
49.3477874,12.3800047
49.3477874,12.3800047
49.3477874,12.3800047
49.3477874,12.3800047
49.3477874,12.3800047
49.3477874,12.3800047
49.3477874,12.3800047
49.3477874,12.3800047
49.3477874,12.3800047
49.3477874,12.3800047
49.1039853,12.3811485
49.21785552,12.38073549
49.42971933,12.38105044
49.1039853,12.3811485
49.37598101,12.38215187
49.12623674,12.3831967
49.13734902,12.38223778
49.12623674,12.3831967
49.13734902,12.38223778
49.301394,12.38358032
49.14323197,12.39268375
49.447828,12.3811328
49.14323197,12.39268375
49.15683988,12.3860405
49.17700668,12.387263
49.14323197,12.39268375
49.19748445,12.38490999
49.24408953,12.38491672
49.25983636,12.38538827
49.32077685,12.38735666
49.3568124,12.3854542
49.3568124,12.3854542
49.3568124,12.3854542
49.3568124,12.3854542
49.3568124,12.3854542
49.3568124,12.3854542
49.3568124,12.3854542
49.3568124,12.3854542
49.3568124,12.3854542
49.3568124,12.3854542
49.3568124,12.3854542
49.3568124,12.3854542
49.3568124,12.3854542
49.3568124,12.3854542
49.3568124,12.3854542
49.3568124,12.3854542
49.3568124,12.3854542
49.20244842,12.39199362
49.22278799,12.38869085
49.28119993,12.38971022
49.3408592,12.3926911
49.302224,12.3905335
49.3408592,12.3926911
49.37655157,12.39109017
49.37655157,12.39109017
49.37655157,12.39109017
49.37655157,12.39109017
49.3943201,12.3922681
49.4273514,12.3923462
49.4273514,12.3923462
49.4273514,12.3923462
49.4273514,12.3923462
49.08483876,12.39511063
49.3391224,12.3956383
49.41162786,12.39577601
49.16333779,12.39713515
49.1833111,12.3955023
49.26268723,12.39758413
49.26268723,12.39758413
49.1067875,12.3986918
49.32027612,12.39809845
49.38785351,12.40003888
49.360455,12.3985517
49.38785351,12.40003888
49.41805297,12.40039399
49.41805297,12.40039399
49.41805297,12.40039399
49.41805297,12.40039399
49.41805297,12.40039399
49.41805297,12.40039399
49.41805297,12.40039399
49.41805297,12.40039399
49.12062612,12.40108307
49.2748304,12.4024553
49.296383,12.4018712
49.3720893,12.40109509
49.35955514,12.40290803
49.4040327,12.4023759
49.1229769,12.41136762
49.43629294,12.40455543
49.44471624,12.40205403
49.44471624,12.40205403
49.2019468,12.4108099
49.1229769,12.41136762
49.16318372,12.41155235
49.1835662,12.41304821
49.0909337,12.4111508
49.142683,12.4152857
49.1020618,12.4133799
49.10562774,12.4295099
49.13303011,12.41960953
49.16999507,12.42207767
49.18814271,12.41972976
49.1509065,12.4222965
49.2019468,12.4108099
49.2019468,12.4108099
49.2070733,12.41552773
49.22367795,12.40496804
49.2423821,12.40547357
49.2784248,12.4095096
49.2952443,12.4105696
49.31377602,12.40748424
49.33203134,12.40947984
49.34972277,12.41001069
49.22732354,12.41144878
49.25915635,12.41214652
49.24664445,12.41487155
49.27323805,12.42328493
49.2621218,12.424159
49.2877727,12.4174778
49.30428073,12.42412584
49.31286578,12.4153648
49.32855397,12.42749576
49.38651323,12.413864
49.33226271,12.41770705
49.37579066,12.41880295
49.348688,12.4244215
49.37395608,12.42456685
49.36428544,12.42673168
49.37579066,12.41880295
49.39271221,12.42553045
49.34521684,12.4267454
49.4011952,12.4205361
49.4526481,12.4152986
49.4526481,12.4152986
49.4526481,12.4152986
49.4526481,12.4152986
49.4526481,12.4152986
49.4526481,12.4152986
49.4526481,12.4152986
49.4526481,12.4152986
49.4526481,12.4152986
49.4526481,12.4152986
49.4526481,12.4152986
49.4526481,12.4152986
49.4526481,12.4152986
49.4526481,12.4152986
49.4526481,12.4152986
49.4526481,12.4152986
49.4526481,12.4152986
49.4526481,12.4152986
49.4526481,12.4152986
49.4526481,12.4152986
49.4526481,12.4152986
49.4315316,12.4200516
49.4204173,12.4198206
49.4315316,12.4200516
49.2286401,12.42883
49.24505936,12.42996695
49.4182013,12.429303
49.08363572,12.43086196
49.08363572,12.43086196
49.289503,12.4302273
49.32109982,12.43120047
49.11385288,12.43162452
49.11876209,12.44480154
49.13103395,12.44514111
49.15046745,12.43570911
49.16962958,12.44008725
49.15887055,12.44605788
49.16962958,12.44008725
49.17461244,12.44767229
49.18952955,12.44267107
49.19124127,12.44509544
49.20871571,12.43160633
49.26145546,12.43569108
49.30303577,12.4349142
49.23247441,12.43688832
49.27836194,12.43787804
49.30303577,12.4349142
49.36105071,12.43306771
49.39080776,12.43668949
49.41039531,12.43236535
49.44588612,12.43168472
49.43742307,12.43281817
49.44588612,12.43168472
49.21261714,12.43797605
49.25050957,12.44125644
49.2762893,12.4427568
49.29419653,12.44183835
49.31875287,12.44211157
49.34409103,12.43849085
49.36052517,12.44129151
49.377946,12.4450041
49.3359137,12.44580557
49.3359137,12.44580557
49.3359137,12.44580557
49.3359137,12.44580557
49.3359137,12.44580557
49.3359137,12.44580557
49.3359137,12.44580557
49.3359137,12.44580557
49.3359137,12.44580557
49.3359137,12.44580557
49.3779877,12.4455374
49.45217341,12.44600722
49.45217341,12.44600722
49.45217341,12.44600722
49.45217341,12.44600722
49.45217341,12.44600722
49.45217341,12.44600722
49.45217341,12.44600722
49.45217341,12.44600722
49.45217341,12.44600722
49.45217341,12.44600722
49.45217341,12.44600722
49.45217341,12.44600722
49.45217341,12.44600722
49.43318922,12.44656201
49.08991067,12.4478853
49.3103557,12.4479853
49.23207319,12.44840393
49.40641492,12.44825717
49.0979647,12.4463295
49.42533983,12.44892321
49.1337529,12.4530654
49.10423404,12.46334815
49.11334929,12.46409158
49.13998127,12.45236701
49.19369506,12.45747751
49.20031228,12.46506618
49.21352358,12.4496336
49.26710518,12.44995706
49.24942014,12.45318732
49.26633495,12.45477576
49.28305221,12.45816314
49.2936662,12.4514311
49.30888395,12.45750563
49.32644521,12.45807754
49.35228961,12.4507096
49.3333562,12.4516835
49.36971181,12.45529932
49.35147283,12.45895358
49.35147283,12.45895358
49.35147283,12.45895358
49.3981116,12.45247296
49.21959704,12.45922209
49.23866202,12.46137779
49.25558073,12.46387978
49.2991031,12.4628192
49.3250774,12.46500303
49.36845716,12.46410973
49.39541676,12.46341807
49.44691802,12.46053978
49.414044,12.4666564
49.42123648,12.46131402
49.44007424,12.46209804
49.08252478,12.46668484
49.14550284,12.46708837
49.1573169,12.4653546
49.28149373,12.46696733
49.3425666,12.46727699
49.15950802,12.47192985
49.11817788,12.47469726
49.12690101,12.47615857
49.15950802,12.47192985
49.1717553,12.4723484
49.1730871,12.4733689
49.20213012,12.47485017
49.1812098,12.47927309
49.2079952,12.4840026
49.2079952,12.4840026
49.21999422,12.46777266
49.2079952,12.4840026
49.2079952,12.4840026
49.21999422,12.46777266
49.23799947,12.46896256
49.27186662,12.47089696
49.25561541,12.47271934
49.31556527,12.47211335
49.29806973,12.47230425
49.34140632,12.47509076
49.35907502,12.47212053
49.38724749,12.46951755
49.38649769,12.47204289
49.435576,12.47578556
49.41097321,12.47713628
49.22551432,12.47745776
49.24178525,12.47981926
49.2690199,12.4786414
49.2872087,12.4791372
49.25264455,12.480504
49.31450353,12.47873453
49.33248391,12.48285453
49.35807602,12.48096043
49.37507952,12.47834135
49.4550887,12.4800051
49.4292472,12.4803154
49.4292472,12.4803154
49.4292472,12.4803154
49.4292472,12.4803154
49.4292472,12.4803154
49.4292472,12.4803154
49.4292472,12.4803154
49.4292472,12.4803154
49.4292472,12.4803154
49.4292472,12.4803154
49.4292472,12.4803154
49.4292472,12.4803154
49.4048866,12.48111512
49.08954796,12.483461
49.0972071,12.4864885
49.13109675,12.48423743
49.13109675,12.48423743
49.13109675,12.48423743
49.13109675,12.48423743
49.14072174,12.48528693
49.14464889,12.49426254
49.15545073,12.49621929
49.18476068,12.48892468
49.19137318,12.49373784
49.1047856,12.4980371
49.11168821,12.49803711
49.15806454,12.50161172
49.19391853,12.50198085
49.22552489,12.48489175
49.2689972,12.4848945
49.28629972,12.48625391
49.25439839,12.49020418
49.30398995,12.48595835
49.33170824,12.48660489
49.3485898,12.4914277
49.3744243,12.4895276
49.3744243,12.4895276
49.3744243,12.4895276
49.3744243,12.4895276
49.3744243,12.4895276
49.3744243,12.4895276
49.3744243,12.4895276
49.44922336,12.4885569
49.38946646,12.48895448
49.4429327,12.49022602
49.2083602,12.4906366
49.23049144,12.49466351
49.31987374,12.49289833
49.2388354,12.495381
49.31987374,12.49289833
49.23049144,12.49466351
49.278375,12.4935856
49.26427786,12.49525699
49.30304612,12.49297556
49.36597701,12.49356213
49.3865735,12.4974304
49.40175101,12.49245424
49.4247936,12.4927813
49.40171159,12.49249243
49.420812,12.49391203
49.21578443,12.49631003
49.29397407,12.50031294
49.25071113,12.50235562
49.34888182,12.49772348
49.3364595,12.5005506
49.34888182,12.49772348
49.3173047,12.4989932
49.34888182,12.49772348
49.3791404,12.4971306
49.3791404,12.4971306
49.3456162,12.5012297
49.2419266,12.5012925
49.2419266,12.5012925
49.0809362,12.5014847
49.36457721,12.50382984
49.1661502,12.50537596
49.26468261,12.50538872
49.27823698,12.50553594
49.2014014,12.5084173
49.2014014,12.5084173
49.2014014,12.5084173
49.11726788,12.50807958
49.12589877,12.50841794
49.12917627,12.51385653
49.13963368,12.51470509
49.170069,12.5118329
49.17513508,12.51353145
49.20379208,12.51569518
49.1775372,12.5206961
49.2122618,12.5175607
49.21768789,12.50577002
49.29297298,12.50882107
49.3091619,12.50624448
49.41668231,12.50648438
49.43823521,12.50588461
49.4123768,12.507059
49.41668231,12.50648438
49.43528886,12.50759756
49.228934,12.5083112
49.33222709,12.50937609
49.22888012,12.51276507
49.27039117,12.5131367
49.25564151,12.51416719
49.2404417,12.5134819
49.28480521,12.51536967
49.25532873,12.51846071
49.24093514,12.51878273
49.30800037,12.51433527
49.3244744,12.5128141
49.36025928,12.50914002
49.33222709,12.50937609
49.35900087,12.5196997
49.45613,12.5087974
49.3788385,12.513209
49.3924883,12.5137495
49.44940974,12.51855739
49.2122618,12.5175607
49.08964607,12.5202776
49.09651661,12.52032298
49.2693316,12.524402
49.29917902,12.52035107
49.32272014,12.52081399
49.4084153,12.5200991
49.14406902,12.52484409
49.15010432,12.52795256
49.4084153,12.5200991
49.43075477,12.52155214
49.1872031,12.5238978
49.4034474,12.5237972
49.4256278,12.5229636
49.1875444,12.5294606
49.1997544,12.5313924
49.11137499,12.53371047
49.10411792,12.53403264
49.15295133,12.53415531
49.1997398,12.5330687
49.21346336,12.53704285
49.1607499,12.5367386
49.1275112,12.5429806
49.21483978,12.52511083
49.24980984,12.52539623
49.28393854,12.52558156
49.37297282,12.52552764
49.22656485,12.52579999
49.2629403,12.528834
49.23724233,12.53237781
49.29805931,12.52979718
49.3133122,12.5289026
49.353262,12.5270021
49.353262,12.5270021
49.36946998,12.53007293
49.2291785,12.5347488
49.2887653,12.5375484
49.2495039,12.53562894
49.2603707,12.5373768
49.32756341,12.53376593
49.30346515,12.54020162
49.31232376,12.53462296
49.3256125,12.5392637
49.32756341,12.53376593
49.35382126,12.5359706
49.3998571,12.5325454
49.3516895,12.54053817
49.44645049,12.53556976
49.34169975,12.54129443
49.3836373,12.53567449
49.3680303,12.5366707
49.3946979,12.5363306
49.41819226,12.53797859
49.44155822,12.53821152
49.2054175,12.54174346
49.08138415,12.54179433
49.22654513,12.54298213
49.2406312,12.5437318
49.2750216,12.54208659
49.22654513,12.54298213
49.11808415,12.54337647
49.2183927,12.5428824
49.25430247,12.54378672
49.3654526,12.54356581
49.1638267,12.5417964
49.2283346,12.5484949
49.2406312,12.5437318
49.2888811,12.5445253
49.3185816,12.544091
49.2283346,12.5484949
49.13262615,12.54729158
49.26692219,12.54732732
49.17102335,12.54741524
49.33983672,12.54785298
49.17190962,12.54887935
49.41370687,12.54902413
49.1827494,12.5488228
49.27987685,12.55057433
49.23491237,12.55169852
49.2536043,12.5503176
49.3033483,12.5519032
49.45809277,12.55019519
49.33073722,12.55110061
49.36470724,12.55176926
49.3164385,12.55270972
49.37931605,12.55021873
49.40918688,12.5504904
49.4379186,12.5535251
49.18595042,12.55411766
49.1932661,12.55444108
49.43187036,12.55449542
49.133763,12.5569514
49.29362408,12.55536643
49.24614522,12.55682024
49.3537726,12.5532374
49.20551916,12.55756475
49.3537726,12.5532374
49.36144622,12.55717478
49.20551916,12.55756475
49.21573637,12.55781423
49.26584079,12.55870422
49.32937992,12.55867394
49.39393427,12.55847751
49.08989537,12.55884409
49.0978491,12.5584212
49.30755984,12.55989368
49.35139155,12.55991205
49.37737118,12.55907439
49.1428452,12.5593237
49.22472049,12.56033694
49.40457764,12.56035295
49.34293983,12.5606152
49.19710561,12.56081878
49.20785472,12.56067969
49.27902112,12.56108761
49.2346804,12.563899
49.21833118,12.56182272
49.24494318,12.56231178
49.25799109,12.56272251
49.292534,12.5658994
49.23713275,12.56505118
49.22792033,12.56570037
49.27018705,12.56600614
49.30726278,12.56599681
49.37385115,12.56231479
49.32166284,12.56346598
49.34138263,12.56532693
49.37385115,12.56231479
49.42664177,12.56620324
49.1461824,12.5670902
49.28258208,12.56784229
49.25687107,12.56912504
49.2941552,12.5695583
49.33348044,12.56802886
49.32070463,12.57035451
49.3732883,12.5694408
49.42116535,12.56775279
49.39105633,12.56984793
49.15512807,12.57077052
49.2477107,12.5742987
49.44802962,12.57164073
49.10428092,12.57193043
49.44644713,12.57196197
49.11367198,12.5722108
49.30255572,12.57308351
49.36299091,12.57241433
49.15764932,12.5760356
49.17185051,12.57327076
49.2477096,12.575425
49.3869822,12.5755484
49.18405861,12.57395838
49.22776775,12.57456375
49.36226643,12.57411985
49.35320262,12.57421135
49.23695861,12.57438533
49.1945543,12.5753793
49.2178509,12.57546768
49.20778046,12.57578421
49.15764932,12.5760356
49.26962329,12.57713383
49.31471254,12.57637718
49.41684367,12.57688463
49.17602083,12.57752193
49.33205582,12.57757729
49.34381836,12.57764765
49.11736727,12.57786616
49.24060097,12.57897253
49.23120154,12.5790704
49.4079558,12.57862292
49.3512052,12.57877395
49.1615457,12.5772545
49.1894362,12.5777394
49.22121738,12.57937233
49.20014569,12.57997
49.21119,12.578729
49.26008246,12.57971261
49.1259368,12.5783579
49.28162718,12.58062882
49.3825451,12.58003
49.26364176,12.58231796
49.32760824,12.58228467
49.0789566,12.581855
49.27461198,12.58374847
49.29178355,12.58334302
49.2489354,12.5857533
49.2837837,12.5843903
49.22199053,12.59083088
49.23147543,12.58603944
49.24104001,12.58692508
49.2533044,12.58886874
49.24406105,12.59039078
49.29603204,12.59050117
49.31414502,12.58286195
49.30308602,12.58460871
49.3268171,12.58752946
49.30724868,12.58966276
49.34007186,12.58536415
49.35260256,12.58996636
49.36355907,12.58753215
49.40561434,12.58352029
49.37562777,12.58489458
49.4389057,12.5841454
49.4002436,12.5850105
49.4361994,12.5878951
49.1316202,12.5888249
49.23559114,12.59124357
49.3620933,12.59109757
49.4594218,12.5921323
49.31928885,12.59246195
49.1394014,12.5939697
49.20053223,12.59546728
49.21151953,12.59291174
49.17662141,12.5977821
49.21151953,12.59291174
49.22547289,12.59350953
49.26391237,12.59359739
49.34013414,12.59368785
49.30742575,12.59555627
49.33000753,12.5959101
49.34032941,12.59320916
49.39612878,12.59615132
49.18867555,12.59647261
49.25448394,12.5965337
49.42919078,12.59687599
49.21588057,12.59723535
49.20438154,12.59869854
49.21588057,12.59723535
49.285212,12.6010266
49.29570846,12.59786773
49.42270239,12.59786878
49.20438154,12.59869854
49.2725414,12.5997639
49.25690358,12.59923372
49.38951101,12.59939253
49.08995578,12.5997334
49.2677287,12.6018832
49.31817437,12.59974869
49.09589066,12.60014477
49.23514581,12.60055219
49.3749462,12.60040935
49.38911171,12.60040882
49.19373396,12.6008075
49.2431114,12.6004123
49.1635165,12.6009829
49.18158102,12.60189693
49.22760212,12.60221585
49.29833011,12.60262732
49.2758832,12.6011373
49.30352065,12.60258484
49.31260951,12.602167
49.36463,12.6026918
49.14515391,12.60340604
49.2867998,12.6039191
49.32926666,12.60344338
49.147237,12.6049882
49.16811077,12.60416168
49.2465964,12.6069734
49.23750244,12.60500239
49.3202517,12.60506052
49.41882179,12.60475727
49.37161485,12.60525091
49.21652849,12.60532989
49.2581271,12.6058704
49.32601108,12.60734464
49.22610425,12.60892807
49.3395116,12.6071427
49.3624765,12.6051336
49.32601108,12.60734464
49.3513297,12.6090133
49.41237886,12.60635525
49.44900745,12.60936684
49.44850435,12.60940514
49.1548119,12.6112306
49.22055381,12.6108875
49.24803168,12.6119348
49.28820527,12.61198068
49.2654418,12.6120329
49.30629437,12.61343569
49.31070405,12.61359047
49.33493732,12.61070981
49.34453324,12.61163295
49.4098374,12.614512
49.10442488,12.61366278
49.40341794,12.61413324
49.29710452,12.61432561
49.12502425,12.61434693
49.2063666,12.61442429
49.20850501,12.61544654
49.252527,12.61548198
49.229286,12.61591069
49.1103209,12.6176273
49.29452862,12.61685156
49.28530592,12.6172596
49.2793349,12.6173643
49.2367395,12.6183302
49.31772274,12.61633097
49.36155717,12.61708957
49.18261834,12.61954666
49.19467863,12.61742632
49.2670957,12.616407
49.24343108,12.6194869
49.270294,12.6183633
49.3030804,12.61880838
49.3118782,12.6174879
49.32625795,12.61792676
49.3593652,12.6185215
49.3532949,12.61962436
49.37132904,12.62000809
49.43578174,12.62028994
49.44055451,12.62033049
49.38094221,12.62038929
49.39195411,12.62083593
49.20023422,12.62093135
49.32944043,12.62155263
49.21917939,12.62201161
49.32112746,12.6215937
49.34309931,12.62189538
49.37047332,12.62093886
49.4003165,12.6193122
49.17012482,12.62278902
49.1875956,12.6231187
49.21227262,12.62374785
49.25417778,12.62380382
49.2554383,12.6268091
49.3378488,12.6253296
49.35159661,12.62516111
49.37817259,12.62330839
49.38790382,12.62464374
49.3977604,12.6247861
49.1759364,12.6239351
49.07877903,12.62667171
49.28685575,12.62679197
49.2219481,12.62737331
49.22746062,12.62687927
49.295076,12.6255906
49.3028672,12.6279945
49.13210089,12.62762123
49.2554383,12.6268091
49.4243266,12.6274968
49.31172088,12.62815801
49.15590082,12.62820563
49.42992175,12.62808436
49.15590082,12.62820563
49.13667184,12.62832577
49.29126812,12.62975621
49.24539088,12.63015422
49.26312082,12.62998297
49.2370023,12.6302275
49.231553,12.6317941
49.2370023,12.6302275
49.2478256,12.62941
49.2725814,12.6300376
49.27881327,12.63146961
49.3000848,12.6318506
49.32069285,12.62948189
49.32925456,12.6301163
49.30726824,12.6311198
49.3621678,12.6282864
49.1611431,12.6344058
49.26470861,12.63527334
49.28254223,12.63333603
49.27614803,12.63375638
49.2375159,12.6363049
49.35435058,12.63267205
49.2025313,12.6397562
49.2111273,12.6345434
49.26730442,12.63710946
49.3582803,12.631042
49.31596544,12.6331367
49.3319518,12.63351471
49.32437687,12.63390742
49.34582327,12.63598848
49.3667221,12.633183
49.4145838,12.63411599
49.35279989,12.63807582
49.34318004,12.63900471
49.4145838,12.63411599
49.37822292,12.63633736
49.4201561,12.6358502
49.37822292,12.63633736
49.46265374,12.63747624
49.38700873,12.63963476
49.14325844,12.6397401
49.2545776,12.6415025
49.2904294,12.63994127
49.2074336,12.6384429
49.2179558,12.6379816
49.2074336,12.6384429
49.35034925,12.64006211
49.40684965,12.6397478
49.40983717,12.63999688
49.35034925,12.64006211
49.40983717,12.63999688
49.146032,12.64058186
49.1894324,12.6407015
49.24939201,12.64241632
49.2848176,12.64149542
49.2974255,12.6428786
49.22860003,12.64264759
49.31578227,12.64218198
49.33207177,12.64251691
49.32429776,12.64264105
49.3754852,12.6418166
49.38561587,12.64067779
49.22860003,12.64264759
49.3758755,12.6424392
49.39523381,12.64269822
49.0885362,12.6414491
49.25011955,12.64308925
49.17763962,12.64309461
49.2582773,12.6422384
49.30718441,12.64347326
49.09377442,12.64372078
49.19578069,12.64380371
49.26831097,12.64381747
49.22060266,12.64460806
49.35983978,12.64399758
49.22060266,12.64460806
49.27590186,12.64480497
49.29355324,12.6450557
49.2382523,12.6474032
49.3581594,12.6483311
49.3619983,12.6465286
49.18446949,12.646554
49.32032221,12.64662873
49.31115374,12.64676085
49.32877108,12.64660783
49.39335686,12.64381457
49.40108324,12.64592055
49.1139089,12.6461371
49.27172856,12.64725489
49.28313418,12.64753768
49.4473849,12.6449522
49.30234951,12.64733985
49.4473849,12.6449522
49.4486648,12.6458931
49.1637196,12.647464
49.27902878,12.64874621
49.35000564,12.64846756
49.34419299,12.64876925
49.12245337,12.64886453
49.2425383,12.6505484
49.26042384,12.64891732
49.2327148,12.6502407
49.26354526,12.6508558
49.3570159,12.6489545
49.1709554,12.6495133
49.36532861,12.65007733
49.34870794,12.65046344
49.1709554,12.6495133
49.36950695,12.65000506
49.1709554,12.6495133
49.2905559,12.6538935
49.3358842,12.6507487
49.30206779,12.65428332
49.32901047,12.65168415
49.20896231,12.65677569
49.34186546,12.65242477
49.433537,12.6541038
49.2195591,12.65440014
49.25221456,12.65578261
49.2865348,12.6569816
49.2326445,12.6567921
49.27086639,12.65715679
49.26542881,12.65750908
49.2561692,12.6556903
49.31194072,12.65642827
49.31642205,12.65874714
49.32028772,12.65457087
49.33319496,12.65613015
49.32341699,12.65794146
49.3356193,12.6540375
49.3802384,12.6537202
49.32633385,12.65691543
49.3556099,12.6553601
49.34912231,12.65733924
49.3826318,12.65449302
49.42330736,12.65777836
49.4392071,12.6537108
49.1537763,12.6573028
49.10264508,12.65906329
49.293543,12.6570764
49.42803526,12.65923734
49.1066311,12.6602855
49.158268,12.65945899
49.17397936,12.66514752
49.197903,12.6613572
49.17397936,12.66514752
49.18574608,12.6644446
49.21294819,12.65957955
49.27735274,12.65975183
49.362535,12.66016747
49.2963562,12.6585063
49.27266669,12.66045227
49.24266864,12.66045678
49.2452736,12.6651478
49.27961973,12.66364913
49.2635774,12.66397044
49.2589807,12.6643166
49.2849842,12.6655387
49.30664688,12.66150101
49.3523656,12.6600961
49.36115984,12.66092905
49.41298121,12.66112878
49.30887749,12.66131544
49.34633191,12.66176887
49.33152091,12.66497179
49.32973306,12.66570836
49.3383115,12.6644588
49.34075613,12.66503314
49.37313541,12.66238116
49.37514694,12.66290534
49.38861509,12.66325736
49.3907799,12.66263905
49.41739818,12.66289032
49.4029614,12.6616195
49.40688721,12.66601589
49.41739818,12.66289032
49.1289452,12.668277
49.1310711,12.6661914
49.2346467,12.6638933
49.2371744,12.6678623
49.36851772,12.66671114
49.39607535,12.6670936
49.18174949,12.66877869
49.19186851,12.66737947
49.28682984,12.66845405
49.2908628,12.66854994
49.31738457,12.66830817
49.2703485,12.6685333
49.2550621,12.6697521
49.2651789,12.6684286
49.29967849,12.66970908
49.32145784,12.66979227
49.32304737,12.66767371
49.33507948,12.66841976
49.32804468,12.66921325
49.3487118,12.6718302
49.3033837,12.66996954
49.3125404,12.6716848
49.3134897,12.6739212
49.35912394,12.67227883
49.14686184,12.67257283
49.2466112,12.67212
49.3431723,12.6729705
49.13844016,12.6740066
49.2771195,12.6742622
49.2486682,12.6758534
49.3801048,12.675096
49.21495055,12.67477678
49.2746939,12.6732269
49.29358944,12.67540979
49.29694191,12.67557607
49.1654787,12.6761366
49.3456161,12.6741118
49.38363549,12.6750379
49.1654787,12.6761366
49.16826072,12.67586585
49.21907344,12.67611762
49.2837504,12.6765445
49.0734824,12.6778545
49.2607874,12.6777068
49.26395834,12.67771218
49.2803642,12.6750392
49.30597394,12.67705582
49.30904765,12.67708215
49.32226445,12.67754661
49.3319261,12.6773044
49.33988208,12.67816004
49.36295992,12.67847241
49.36719714,12.6773569
49.45518391,12.680291
49.45540204,12.68039624
49.2055998,12.6814139
49.3156071,12.6828207
49.2103228,12.6798647
49.2383628,12.6816643
49.2386327,12.6823287
49.2872518,12.68252703
49.2909865,12.6826901
49.29960508,12.68348395
49.303227,12.6806854
49.3483537,12.68113363
49.3520199,12.6797512
49.3702475,12.68197522
49.37418543,12.68260975
49.44235614,12.6829251
49.094396,12.6851757
49.2289875,12.6829227
49.2503631,12.6839998
49.39585771,12.68467401
49.44579457,12.68470722
49.43022489,12.68491693
49.08256379,12.68505573
49.27125307,12.68555508
49.40735447,12.68547551
49.11603397,12.68579585
49.2572251,12.68588332
49.4197039,12.6860189
49.11958729,12.68598501
49.26710896,12.68606739
49.18134033,12.68615956
49.27916821,12.68784724
49.31471705,12.68670976
49.3124957,12.684503
49.3884615,12.6852436
49.43448074,12.68733312
49.36017182,12.6874933
49.34115941,12.68756264
49.3559947,12.6895635
49.1937926,12.6857602
49.36017182,12.6874933
49.15364027,12.68848047
49.15825134,12.68815867
49.2314491,12.6871289
49.29717038,12.68964398
49.39032309,12.68864116
49.34566733,12.68867324
49.40163334,12.68920308
49.41268531,12.68934342
49.42343008,12.68875676
49.1733697,12.6877962
49.29304713,12.68993538
49.1891541,12.6934702
49.1974305,12.688875
49.24376413,12.69050122
49.2506821,12.6898676
49.25871,12.69097701
49.2731952,12.6906194
49.26463354,12.69232411
49.28366804,12.69131341
49.2862415,12.6960756
49.29109324,12.69579557
49.3227338,12.6889136
49.30575446,12.6907545
49.33019502,12.69167731
49.32143093,12.6953955
49.21388147,12.69741589
49.22050446,12.69599973
49.2742975,12.69931485
49.25173709,12.69945962
49.25615052,12.69953235
49.31781299,12.69631043
49.30011981,12.6979965
49.30353996,12.69680912
49.32963494,12.69979391
49.3368896,12.6921886
49.34728518,12.69344288
49.3536115,12.6935918
49.3781173,12.6944634
49.36588521,12.69817458
49.13806136,12.70003642
49.26593629,12.70095821
49.33843775,12.70063256
49.3564861,12.7002773
49.1721998,12.7021872
49.31170605,12.70154166
49.14754906,12.70179473
49.2848013,12.7007335
49.2337748,12.7039917
49.29853131,12.70291226
49.31517815,12.70216717
49.32498413,12.70271921
49.3444646,12.7026701
49.16484181,12.70336641
49.26820531,12.70352134
49.35998388,12.70385166
49.10314877,12.70393348
49.29303378,12.7040084
49.1050975,12.70404805
49.27739617,12.70410278
49.24091997,12.70488781
49.33358572,12.70498574
49.34255754,12.70482198
49.2122755,12.7052106
49.2590437,12.7060081
49.30809643,12.70565388
49.22554377,12.70601833
49.2922679,12.70620504
49.20256966,12.70629428
49.2362486,12.7071005
49.2845076,12.7047576
49.2362486,12.7071005
49.39119109,12.70701029
49.35092701,12.70712752
49.12953603,12.70730221
49.13206666,12.70743453
49.24826003,12.70864328
49.40087785,12.70756922
49.1861994,12.7068365
49.25855093,12.71240422
49.29270092,12.71263057
49.30134271,12.7122353
49.3074605,12.70889457
49.32369875,12.70941148
49.31795514,12.71168782
49.33307917,12.71305114
49.3865005,12.7102429
49.395381,12.7112436
49.4061892,12.7105039
49.4106552,12.7102429
49.4061892,12.7105039
49.17803299,12.71314714
49.26838215,12.71390752
49.2756696,12.7137921
49.28482763,12.71420353
49.300502,12.71553351
49.19896761,12.71628736
49.2510371,12.7151212
49.3426048,12.713802
49.3528766,12.7122966
49.3709504,12.7128111
49.4334293,12.716879
49.4178848,12.7139913
49.44656117,12.71620681
49.16050136,12.71667852
49.2964294,12.71752701
49.32766879,12.71714858
49.31623915,12.71754706
49.35962952,12.71689344
49.42717932,12.71757188
49.1524047,12.7203857
49.28080032,12.71809571
49.2726839,12.7185005
49.28854783,12.71821893
49.192172,12.71824001
49.22344988,12.71864582
49.2625113,12.7213859
49.43931,12.72156
49.45602218,12.71867058
49.31125611,12.71931291
49.33777729,12.71923173
49.36076199,12.71977383
49.34810644,12.71999649
49.45258213,12.72005331
49.0819311,12.7222737
49.21616812,12.72179363
49.23723066,12.72133385
49.24959551,12.72169102
49.36414238,12.72158271
49.0912025,12.7246259
49.28906379,12.72374229
49.26163108,12.7251651
49.29465523,12.72518822
49.28116639,12.72545532
49.30309618,12.72341225
49.30978643,12.72315735
49.3267715,12.72369512
49.39394638,12.72608831
49.34853323,12.72678235
49.21433317,12.7269375
49.3374175,12.728648
49.11563805,12.7272416
49.1199611,12.7277716
49.22963391,12.72748585
49.2428929,12.7288659
49.32069901,12.72793306
49.17499289,12.72816791
49.27211774,12.72842788
49.28684062,12.72880515
49.3845702,12.72833297
49.2060528,12.7296907
49.38526209,12.72925715
49.1473567,12.7280873
49.29613347,12.73081879
49.3027545,12.7309561
49.16730856,12.73106895
49.25565151,12.73165302
49.27749215,12.7319807
49.1391067,12.7313043
49.35404465,12.73219271
49.3311633,12.7346944
49.0709584,12.7306766
49.0685942,12.7919134
49.08488439,12.76172701
49.09053117,12.76170955
49.26766746,12.73370094
49.28738013,12.73273688
49.2943516,12.73568787
49.25542614,12.73592008
49.31054403,12.73257467
49.39842609,12.73297145
49.31962543,12.7338708
49.34280213,12.73403025
49.3669251,12.73442763
49.40313195,12.73274171
49.18883165,12.73630788
49.1818992,12.73940395
49.18883165,12.73630788
49.2869039,12.7402075
49.2432576,12.73921037
49.2671598,12.73986065
49.27892003,12.7398738
49.2948295,12.739757
49.3049616,12.7422179
49.37279002,12.73743574
49.3049616,12.7422179
49.303144,12.7387007
49.3309831,12.7390639
49.34275926,12.74179053
49.35518904,12.73980394
49.40808838,12.74001956
49.4135411,12.74002669
49.2022931,12.7445353
49.22906151,12.74222479
49.2493481,12.7432841
49.2620253,12.7466597
49.2789298,12.7442163
49.326114,12.7422176
49.41732536,12.74473005
49.42511467,12.74473206
49.386233,12.74505104
49.16345591,12.74586588
49.29800016,12.74608789
49.197638,12.7459723
49.1344973,12.7440772
49.28834207,12.74659517
49.09930696,12.74659539
49.3128095,12.7487447
49.11566996,12.77074497
49.12038928,12.77007694
49.11566996,12.77074497
49.43724892,12.74733278
49.12887478,12.74752276
49.14386907,12.76548558
49.13067802,12.78581424
49.14028258,12.78022336
49.1524664,12.7633152
49.2249105,12.7461379
49.2249105,12.7461379
49.33633366,12.74785358
49.2738517,12.7486081
49.34818859,12.74857466
49.37514119,12.74887822
49.42829739,12.74859651
49.37514119,12.74887822
49.39290356,12.74872175
49.2881402,12.74894769
49.1559787,12.7466308
49.15942058,12.79003141
49.1618917,12.7796853
49.15942058,12.79003141
49.16826425,12.77799658
49.29763579,12.75031746
49.30767765,12.74984067
49.32395412,12.75105854
49.37998377,12.75221443
49.44910049,12.75184243
49.20965204,12.75224842
49.2616309,12.7515619
49.36166248,12.75361603
49.4423604,12.75299162
49.28240505,12.754481
49.2516917,12.7552124
49.29182831,12.75545208
49.27119435,12.75571625
49.3176009,12.75434351
49.3356311,12.75552044
49.17888317,12.7563514
49.28202898,12.75826992
49.25068832,12.75867472
49.3018561,12.7598891
49.3046713,12.7563185
49.39582585,12.75788163
49.34852525,12.75823731
49.3675188,12.75891112
49.32833881,12.76007306
49.17201229,12.76007478
49.17869623,12.79004517
49.18717047,12.76714261
49.18543386,12.7840738
49.40168009,12.76023533
49.19401164,12.76214713
49.2020686,12.7883423
49.20951535,12.76388942
49.2147538,12.7713538
49.2303114,12.7727881
49.203446,12.7702255
49.21673472,12.7857624
49.2232405,12.7911533
49.23025855,12.78377344
49.23998054,12.76056347
49.29170012,12.76113676
49.45819284,12.76079803
49.31607257,12.76291468
49.35378713,12.76451945
49.3401077,12.7668115
49.23877737,12.76501103
49.2535479,12.77114417
49.2653014,12.7718823
49.27542362,12.77154957
49.2768532,12.76529128
49.2993371,12.7641754
49.28847014,12.76667721
49.38214062,12.76790047
49.27672295,12.76831681
49.29917678,12.77012139
49.31888635,12.77035407
49.35438234,12.77018
49.40619626,12.77051644
49.28834702,12.77054919
49.36859522,12.77107367
49.38779935,12.77192499
49.3084374,12.772302
49.33976541,12.77330547
49.2536594,12.7746639
49.41394957,12.77513616
49.42564443,12.7748621
49.2857365,12.77588887
49.33002066,12.7760443
49.37430795,12.77618208
49.2966542,12.7751752
49.36233111,12.77768335
49.2457632,12.7792653
49.3083751,12.77917002
49.26533469,12.77917135
49.31693281,12.78044017
49.3425024,12.78071674
49.42953172,12.7805472
49.27566379,12.78127066
49.28546994,12.78120406
49.2964289,12.7786267
49.34921122,12.78164734
49.32862866,12.7846356
49.25635559,12.78591509
49.2635079,12.7845691
49.27240398,12.78623449
49.2822199,12.78650494
49.2936878,12.7860293
49.44411147,12.78874915
49.44777124,12.78886552
49.39609015,12.78905788
49.23595572,12.79002805
49.36163166,12.79082039
49.0685942,12.7919134
49.0995225,12.7890728
49.1052238,12.79246755
49.14889882,12.79484119
49.12883502,12.80257566
49.08811338,12.80584179
49.08948875,12.83225772
49.1651881,12.814377
49.08948875,12.83225772
49.1009356,12.8390531
49.11365536,12.81295331
49.13984711,12.83278447
49.1456892,12.81442157
49.30559274,12.79189261
49.14335126,12.81661904
49.1587599,12.8242472
49.10676553,12.83528471
49.1297312,12.8373188
49.1590774,12.84095802
49.1470269,12.8455757
49.1590774,12.84095802
49.1553088,12.847706
49.1724767,12.8122398
49.1938593,12.7932544
49.1736078,12.838832
49.1756472,12.8089749
49.19455035,12.81037153
49.18948564,12.83693575
49.19455035,12.81037153
49.1891799,12.8160769
49.20545641,12.8340559
49.20570813,12.81815681
49.19873561,12.84188549
49.20976547,12.79334065
49.21060904,12.81175442
49.21878742,12.81490168
49.2145298,12.8422035
49.22451944,12.80511049
49.23100446,12.82833345
49.23249181,12.80881221
49.21929629,12.83884771
49.22220864,12.8292537
49.2721023,12.7940493
49.31790292,12.79235415
49.33113297,12.79264111
49.33913368,12.79299269
49.35280946,12.79302368
49.2469508,12.795357
49.28207804,12.79307072
49.37541379,12.79364506
49.2538245,12.79466621
49.26536314,12.80030619
49.26588206,12.79744135
49.36555849,12.79792055
49.37908623,12.79793145
49.31039369,12.79795145
49.278084,12.8015177
49.41265966,12.79966108
49.28806732,12.80049254
49.2979313,12.8017351
49.23637767,12.80161259
49.341888,12.80184436
49.3214687,12.80208517
49.32835099,12.80240054
49.3502048,12.8027237
49.4572765,12.80276317
49.39943394,12.80293754
49.3999281,12.80345518
49.42563228,12.80411574
49.2750994,12.8053135
49.2467127,12.8064816
49.41679365,12.80557737
49.2565709,12.8087209
49.257408,12.8042583
49.35261022,12.81080761
49.38100213,12.81029132
49.2717123,12.8128316
49.2450166,12.8138922
49.25329798,12.8156696
49.26991429,12.81621907
49.2813933,12.8149835
49.31781853,12.81329525
49.36310394,12.81360418
49.43157462,12.81314966
49.43673656,12.81325412
49.2939635,12.81385568
49.30625019,12.814745
49.38564749,12.81490439
49.2814212,12.8186642
49.31883856,12.81769018
49.36461868,12.81840719
49.23424539,12.8191732
49.32734958,12.81994644
49.26475689,12.82058328
49.2406191,12.8371077
49.2436477,12.8227504
49.34041625,12.82127892
49.3046246,12.8239644
49.37085035,12.82322977
49.37085035,12.82322977
49.44408446,12.82494272
49.25458106,12.82679036
49.2634634,12.8245783
49.27550948,12.82504086
49.44702578,12.82516721
49.41451217,12.82548215
49.27552785,12.82920298
49.2885863,12.8273404
49.3007243,12.8290417
49.3007243,12.8290417
49.40259837,12.82713093
49.2885863,12.8273404
49.27552785,12.82920298
49.40495868,12.82936498
49.3113141,12.8319057
49.3496021,12.83090452
49.24461585,12.83105323
49.25257092,12.83189366
49.29832252,12.83431362
49.38884625,12.83464992
49.26491875,12.8347952
49.3342495,12.83481126
49.42063091,12.83508521
49.42502581,12.83541468
49.39027468,12.83591143
49.35659432,12.83605372
49.39027468,12.83591143
49.42502581,12.83541468
49.35659432,12.83605372
49.27138971,12.83668744
49.28204306,12.83614951
49.37306744,12.83687216
49.32181406,12.83812202
49.23447164,12.83821651
49.29265011,12.83831282
49.45584334,12.84072852
49.283213,12.8429693
49.33573653,12.84149179
49.37806866,12.84190158
49.25448316,12.84203802
49.26173232,12.84298744
49.28678952,12.8467622
49.35830762,12.84305809
49.27321653,12.84717085
49.2931187,12.8450991
49.3047676,12.8451667
49.34273568,12.84625284
49.28678952,12.8467622
49.43550549,12.84682077
49.07167251,12.90467495
49.07552285,12.84762482
49.11678329,12.87005311
49.08615995,12.94737922
49.12610167,12.84879824
49.08615995,12.94737922
49.31202524,12.84799065
49.0858186,12.8782483
49.0878166,12.9172193
49.09092511,12.93271235
49.09437085,12.87793616
49.10010792,12.8711287
49.11678329,12.87005311
49.12013888,12.85269658
49.12610167,12.84879824
49.20028128,12.86131345
49.21338622,12.85644457
49.228574,12.8527868
49.13764106,12.86737407
49.14228114,12.86417223
49.170943,12.8644976
49.185045,12.8690871
49.20028128,12.86131345
49.185045,12.8690871
49.09437085,12.87793616
49.09733935,12.90479357
49.1954611,12.8704354
49.20028128,12.86131345
49.2085323,12.8627631
49.36350525,12.84784799
49.10010792,12.8711287
49.1599418,12.87317456
49.10701344,12.93813874
49.1599418,12.87317456
49.1663812,12.8731338
49.1283632,12.8841251
49.13377391,12.88233636
49.11072772,12.90887747
49.11256565,12.90586687
49.1126182,12.9324875
49.15473092,12.87912562
49.13377391,12.88233636
49.12422186,12.90349264
49.12506026,12.94000474
49.1283632,12.8841251
49.13260473,12.92037552
49.12992567,12.93507538
49.14237436,12.91354486
49.1438542,12.9515362
49.15237348,12.89318221
49.15473092,12.87912562
49.20660902,12.8899763
49.17268779,12.89688003
49.18178747,12.89161997
49.1995563,12.8946912
49.21924252,12.87993946
49.14524934,12.89915408
49.16087992,12.9242309
49.1942639,12.9004268
49.16433488,12.90938421
49.19207968,12.90468177
49.16994812,12.90519775
49.18235355,12.92635113
49.209019,12.9213303
49.18734745,12.92241828
49.18235355,12.92635113
49.15075526,12.94317033
49.1541002,12.9299062
49.2060291,12.9361377
49.16996904,12.95404208
49.17888993,12.93814831
49.2060291,12.9361377
49.23194769,12.85088558
49.2092509,12.8808851
49.2098445,12.9179476
49.21430991,12.90579787
49.2287219,12.8868347
49.21858928,12.90294558
49.2098445,12.9179476
49.21430991,12.90579787
49.2098445,12.9179476
49.22375576,12.9414775
49.22775737,12.92459852
49.21742334,12.94931112
49.22441692,12.93072342
49.23133857,12.90499297
49.23328774,12.95116533
49.23830387,12.90525993
49.23951174,12.92614646
49.24073944,12.87109525
49.27793485,12.84819488
49.24098414,12.85709644
49.24128688,12.89510333
49.24197078,12.91647767
49.2415682,12.8655428
49.24258748,12.9405193
49.24283912,12.93866034
49.24489126,12.84822573
49.24523836,12.89245784
49.24697882,12.88571297
49.2515144,12.8466144
49.39357857,12.85219238
49.29521603,12.85294876
49.40680212,12.85243396
49.32446272,12.85271204
49.26389795,12.8530603
49.27034091,12.85335415
49.2983526,12.8547294
49.32940421,12.85500697
49.41269136,12.85532934
49.28095516,12.85868714
49.28599213,12.85596543
49.34983897,12.85756669
49.36482203,12.85797276
49.40099836,12.85729543
49.25082403,12.91283485
49.25375952,12.85890804
49.26155251,12.85905261
49.3103313,12.8591421
49.44263388,12.86010233
49.2715756,12.8656207
49.2902032,12.8598744
49.3016861,12.8613308
49.33198985,12.86445177
49.30670848,12.86482896
49.3178087,12.867366
49.37824106,12.86133939
49.36958976,12.86390612
49.3178087,12.867366
49.41685461,12.86552763
49.2516233,12.86563084
49.3367795,12.86791163
49.38151717,12.86613463
49.35204708,12.86614162
49.38509167,12.86681827
49.42312211,12.86705015
49.35608055,12.86912837
49.42312211,12.86705015
49.26365647,12.87030445
49.25187605,12.88237846
49.2699064,12.8686255
49.31936542,12.87371096
49.25210255,12.90520756
49.2548656,12.8726479
49.2586823,12.89322588
49.2614025,12.8740698
49.27359597,12.88177826
49.28263239,12.8817943
49.2845891,12.8747709
49.2964058,12.884153
49.33904066,12.87624137
49.45421234,12.87655721
49.30719303,12.88005178
49.31004455,12.88422416
49.32376555,12.87781866
49.39093681,12.87941444
49.40027341,12.87894896
49.42888801,12.87930889
49.35880971,12.87963285
49.34419016,12.88001752
49.43391743,12.88027036
49.36709308,12.88213482
49.43391743,12.88027036
49.36709308,12.88213482
49.40317449,12.88353966
49.40933066,12.88448513
49.26348031,12.88618993
49.32572104,12.8868785
49.36900232,12.88642252
49.37567651,12.8883712
49.28457287,12.88865468
49.27054158,12.88924542
49.28457287,12.88865468
49.34648871,12.88872314
49.2948915,12.8935718
49.35339854,12.8925681
49.31093701,12.89411249
49.35339854,12.8925681
49.44051465,12.89437406
49.37928992,12.89554051
49.44051465,12.89437406
49.4455192,12.89516042
49.2948504,12.8952822
49.38604361,12.89681313
49.33267714,12.89797099
49.38604361,12.89681313
49.41526935,12.89776774
49.4205634,12.89888243
49.25546586,12.93053278
49.25601737,12.92467046
49.25818703,12.8991326
49.26626769,12.91555715
49.26634157,12.90975893
49.3158264,12.900035
49.35560667,12.90072983
49.2805655,12.9019772
49.33959561,12.90333671
49.36326548,12.90446906
49.38990877,12.90506698
49.39720795,12.90689784
49.2813252,12.9080075
49.2900482,12.9086526
49.34123368,12.91060195
49.36581266,12.91181376
49.37298255,12.91487837
49.40029948,12.91292656
49.4077857,12.91473031
49.37298255,12.91487837
49.34932915,12.91540171
49.42663588,12.91246433
49.43182765,12.91391645
49.26626769,12.91555715
49.32427564,12.91629106
49.303492,12.9198467
49.32427564,12.91629106
49.32477705,12.91800645
49.2946876,12.9171832
49.28013367,12.92006781
49.37622766,12.92323357
49.30593,12.9225391
49.3351643,12.9211034
49.35146573,12.92430056
49.27160427,12.93549305
49.27232938,12.92636151
49.28936436,12.93374205
49.33740431,12.9336682
49.28936436,12.93374205
49.3090132,12.932506
49.2905266,12.9366244
49.310925,12.9392877
49.35868979,12.92896966
49.38740105,12.93498142
49.39483131,12.93633181
49.36099709,12.93742141
49.3435186,12.93901409
49.36866739,12.94233082
49.41328339,12.93120252
49.41662846,12.93311756
49.43755491,12.92794992
49.44456125,12.92904543
49.26067179,12.94345877
49.42087671,12.94482724
49.40000015,12.94487045
49.42087671,12.94482724
49.32813898,12.94535569
49.40000015,12.94487045
49.42996678,12.94689613
49.45071344,12.94493549
49.2775721,12.94778508
49.34519883,12.94818233
49.37106784,12.95058456
49.25974351,12.95117452
49.40050112,12.95438697
49.32860133,12.9544437
49.35231163,12.95458249
49.07765229,12.95460713
49.08219635,12.9985142
49.10611601,12.96088077
49.09977981,12.96645347
49.10611601,12.96088077
49.09977981,12.96645347
49.11725184,12.97035534
49.09625224,12.98178578
49.12291527,12.96525748
49.13474519,12.97451832
49.19656869,12.95548254
49.16189994,12.9607003
49.1410212,12.96836606
49.19656869,12.95548254
49.19193797,12.95957948
49.1599896,12.97053213
49.0876689,12.9854586
49.1147574,12.99478127
49.1331909,12.9951101
49.15131817,12.97822828
49.16189994,12.9607003
49.1813476,12.977875
49.18886771,12.96961692
49.16876546,12.98900051
49.18886771,12.96961692
49.21192073,12.97327891
49.1813476,12.977875
49.21192073,12.97327891
49.215928,12.9666612
49.17767013,12.9855774
49.1993361,12.9977204
49.23399496,12.96679515
49.2310889,12.9742326
49.2306342,12.9969203
49.2309244,12.9930899
49.2952346,12.9583334
49.38021463,12.95642723
49.312684,12.9569619
49.2952346,12.9583334
49.24962418,12.95707593
49.43524677,12.9611988
49.44372843,12.96218444
49.3353978,12.96283888
49.35405631,12.9629634
49.2667969,12.9653418
49.38246399,12.96416309
49.38246399,12.96416309
49.40603054,12.96402033
49.41430991,12.964703
49.30049915,12.9652529
49.31803111,12.96531797
49.2838204,12.966614
49.38654859,12.96773743
49.33648185,12.97191887
49.264275,12.9709894
49.31853089,12.97706453
49.28242165,12.97730407
49.41956025,12.97776595
49.36373643,12.97799957
49.42855208,12.97895786
49.2492426,12.9901378
49.250476,12.9789249
49.34377714,12.9801952
49.37090394,12.98451859
49.2687456,12.9941103
49.2698766,12.9856754
49.28801025,12.98806913
49.3252996,12.98620962
49.34510603,12.9884843
49.3527939,12.99696339
49.373717,12.99623083
49.40013802,12.98704356
49.40273128,12.99426381
49.41319547,12.99684514
49.4338682,12.99416231
49.44303393,12.99505642
49.41319547,12.99684514
49.08219635,12.9985142
49.09132353,13.01966705
49.1027115,13.0146419
49.10729798,13.00059009
49.14739802,13.00486266
49.12739038,13.00543662
49.10988472,13.03178965
49.1245329,13.03196142
49.12724967,13.02700589
49.14739802,13.00486266
49.14820921,13.02644335
49.14474404,13.03321568
49.1510463,12.99910933
49.16422539,13.00180308
49.1647124,13.0292935
49.16813045,13.0202415
49.17995871,13.01777941
49.1647124,13.0292935
49.1851789,13.005667
49.17995871,13.01777941
49.20084049,13.02888511
49.2150368,13.03748945
49.2150368,13.03748945
49.2876174,12.99964729
49.3069838,13.00056962
49.38183835,13.00168598
49.2389275,13.0158769
49.23640461,13.03228526
49.25252428,13.01161327
49.25380801,13.00319262
49.33344545,13.00573471
49.35403652,13.00398048
49.41721422,13.00905893
49.27317426,13.01872673
49.27398377,13.00907724
49.31387259,13.01081987
49.29406831,13.01169615
49.33482971,13.01534787
49.36296678,13.01406254
49.3844204,13.01059505
49.42748044,13.01087462
49.44875978,13.01213281
49.39685375,13.01442462
49.27317426,13.01872673
49.31459674,13.02287941
49.29375624,13.02353898
49.36357695,13.01943166
49.39974091,13.02328767
49.34251891,13.02384475
49.39974091,13.02328767
49.41130503,13.02620046
49.43216326,13.02670128
49.25870584,13.02793529
49.32223832,13.03293282
49.44222912,13.02816907
49.37921582,13.03046877
49.37039881,13.03094014
49.34401784,13.03120838
49.27977244,13.03374385
49.2585239,13.0380744
49.3010622,13.03650399
49.35142871,13.03785234
49.08586781,13.03882506
49.09455328,13.05680459
49.10492541,13.05248514
49.09042436,13.07763623
49.14564892,13.05459925
49.09455328,13.05680459
49.10022881,13.09700788
49.11582555,13.06968949
49.11521865,13.08162145
49.12620748,13.05712344
49.11521865,13.08162145
49.12850368,13.10049453
49.13932903,13.06600051
49.13999988,13.08195575
49.18725492,13.04907817
49.14564892,13.05459925
49.15715342,13.09720219
49.16309393,13.06112498
49.15715342,13.09720219
49.32367012,13.04456808
49.16517575,13.07789253
49.16728378,13.04939869
49.1898773,13.0607343
49.1833782,13.0851316
49.18549589,13.09033509
49.1898773,13.0607343
49.21140785,13.0682347
49.23774714,13.06711481
49.21140785,13.0682347
49.21204066,13.08459387
49.38387713,13.04123109
49.41475452,13.0390841
49.3942723,13.04322753
49.42585096,13.04186824
49.2787165,13.04558137
49.44752308,13.04641526
49.23577017,13.09901034
49.23774714,13.06711481
49.24043024,13.06105804
49.2383507,13.09183644
49.24043024,13.06105804
49.24136848,13.04646652
49.30104678,13.04777598
49.35392149,13.04751078
49.36561313,13.05020552
49.39692005,13.0503807
49.26398003,13.0524671
49.33312451,13.05379824
49.40953539,13.05276914
49.42959464,13.05850865
49.28521976,13.0605875
49.30999573,13.06365724
49.36949355,13.06271045
49.33561436,13.0642965
49.44049552,13.06214325
49.34972531,13.06353165
49.37728453,13.06648251
49.26140619,13.06695291
49.31014324,13.06941582
49.4122199,13.06722348
49.31014324,13.06941582
49.4122199,13.06722348
49.39393288,13.06937505
49.26413907,13.08053007
49.28460639,13.07212929
49.38035467,13.07389239
49.33337036,13.07528764
49.35694334,13.08092721
49.38035467,13.07389239
49.42160883,13.0739529
49.40142736,13.08250325
49.29033751,13.08731789
49.29032474,13.09008789
49.31599275,13.08275546
49.42160883,13.0739529
49.44448272,13.08116457
49.40142736,13.08250325
49.29033751,13.08731789
49.31599275,13.08275546
49.42309332,13.08639288
49.37948853,13.088114
49.40150933,13.08868533
49.42309332,13.08639288
49.29032474,13.09008789
49.26244288,13.0904736
49.30113084,13.11599064
49.31550072,13.09335503
49.33870549,13.09437213
49.35659133,13.09061509
49.436547,13.09736195
49.36151831,13.10229253
49.41263991,13.1044271
49.38829733,13.10561773
49.26814381,13.1161411
49.33251476,13.11948157
49.2413622,12.7840461
49.2413622,12.7840461
49.27232938,12.92636151
